{"Mean Squared Error (MSE)": 19.289287719744305, "Root Mean Squared Error (RMSE)": 4.391957162785665, "Mean Absolute Error (MAE)": 3.4038965280690707, "Mean Absolute Percentage Error (MAPE)": 1.8332545431555665, "R-squared (R\u00b2)": 0.9664305415683752}